periode,provinsi,kode_provinsi,simpanan_juta_rp,giro_juta_rp,tabungan_juta_rp,deposito_juta_rp,kredit_juta_rp,kredit_modal_kerja_juta_rp,kredit_investasi_juta_rp,kredit_konsumsi_juta_rp,kredit_umkm_juta_rp,umkm_mikro_juta_rp,umkm_kecil_juta_rp,umkm_menengah_juta_rp,rasio_kredit_simpanan_persen,url_sumber
2026-07,Aceh,11,48902427,9197685,30514678,9190064,61621991,12938702,11358109,37325181,14477103,5480740,7013182,1983181,126.01,https://www.bi.go.id/id/statistik/ekonomi-keuangan/sekda/statistikregional.aspx?idprov=11
2026-07,Sumatera Utara,12,344702046,60444129,156259251,127998666,333564759,146804657,90219165,96540937,80425083,42213395,23702482,14509205,96.77,https://www.bi.go.id/id/statistik/ekonomi-keuangan/sekda/statistikregional.aspx?idprov=12
2026-07,Sumatera Barat,13,65362484,11925002,37172599,16264883,85661578,30335682,16136417,39189479,30280848,15250119,11899599,3131130,131.06,https://www.bi.go.id/id/statistik/ekonomi-keuangan/sekda/statistikregional.aspx?idprov=13
2026-07,Riau,14,135331823,26068674,79222987,30040162,186185634,74205203,61845548,50134884,45569762,23004880,15514519,7050364,137.58,https://www.bi.go.id/id/statistik/ekonomi-keuangan/sekda/statistikregional.aspx?idprov=14
2026-07,Jambi,15,52903274,9336041,31924884,11642348,85344613,23625145,33364927,28354542,29134713,15346732,10661355,3126626,161.32,https://www.bi.go.id/id/statistik/ekonomi-keuangan/sekda/statistikregional.aspx?idprov=15
2026-07,Sumatera Selatan,16,119005715,22063852,65263571,31678293,201384822,71615903,65067424,64701495,41922682,18643745,14937752,8341186,169.22,https://www.bi.go.id/id/statistik/ekonomi-keuangan/sekda/statistikregional.aspx?idprov=16
2026-07,Bengkulu,17,20488719,2946699,14157218,3384802,39512654,9562123,11590151,18360380,15435399,9074149,4773394,1587856,192.85,https://www.bi.go.id/id/statistik/ekonomi-keuangan/sekda/statistikregional.aspx?idprov=17
2026-07,Lampung,18,75111771,10954413,44843804,19313554,113745603,52221098,20213542,41310963,32887740,17332618,10979607,4575515,151.44,https://www.bi.go.id/id/statistik/ekonomi-keuangan/sekda/statistikregional.aspx?idprov=18
2026-07,Kepulauan Bangka Belitung,19,31460515,6930931,15027493,9502091,32336310,12116344,9803596,10416370,7243953,3709724,2466730,1067499,102.78,https://www.bi.go.id/id/statistik/ekonomi-keuangan/sekda/statistikregional.aspx?idprov=19
2026-07,Kepulauan Riau,21,120693221,44691184,45961875,30040162,125064661,39901639,52314212,32848810,17375687,3943909,6244373,7187405,103.62,https://www.bi.go.id/id/statistik/ekonomi-keuangan/sekda/statistikregional.aspx?idprov=21
2026-07,DKI Jakarta,31,5029623279,2085469764,857349428,2086804087,3136225991,1674234450,1162678320,299313222,157001323,25806490,51905536,79289297,62.36,https://www.bi.go.id/id/statistik/ekonomi-keuangan/sekda/statistikregional.aspx?idprov=31
2026-07,Jawa Barat,32,766385484,165307348,368877090,232201046,1117192820,342523713,256850595,517818511,192429242,86163972,62859207,43406063,145.77,https://www.bi.go.id/id/statistik/ekonomi-keuangan/sekda/statistikregional.aspx?idprov=32
2026-07,Jawa Tengah,33,484816437,71859044,275693275,137264117,534340132,255775858,126515141,152049133,187405672,92210110,65305592,29889970,110.21,https://www.bi.go.id/id/statistik/ekonomi-keuangan/sekda/statistikregional.aspx?idprov=33
2026-07,DI Yogyakarta,34,95453520,12177574,56993955,26281991,69424168,20890435,23202388,25331345,23074605,11580618,7813654,3680333,72.73,https://www.bi.go.id/id/statistik/ekonomi-keuangan/sekda/statistikregional.aspx?idprov=34
2026-07,Jawa Timur,35,848184209,183937163,372905811,291341235,764586093,372641109,156046011,235898974,227426268,103534439,77878265,46013564,90.14,https://www.bi.go.id/id/statistik/ekonomi-keuangan/sekda/statistikregional.aspx?idprov=35
2026-07,Banten,36,342906020,99388005,130181054,113336961,538640717,207551744,118328701,212760272,60998338,17087964,21190669,22719705,157.08,https://www.bi.go.id/id/statistik/ekonomi-keuangan/sekda/statistikregional.aspx?idprov=36
2026-07,Bali,51,202124008,35942760,108670350,57510899,150619107,40531639,61893698,48193769,57920612,24888112,23143731,9888769,74.52,https://www.bi.go.id/id/statistik/ekonomi-keuangan/sekda/statistikregional.aspx?idprov=51
2026-07,Nusa Tenggara Barat,52,51266767,10760138,28180840,12325788,125609483,51259054,36798342,37552088,22368456,12282577,7954153,2131725,245.01,https://www.bi.go.id/id/statistik/ekonomi-keuangan/sekda/statistikregional.aspx?idprov=52
2026-07,Nusa Tenggara Timur,53,39782144,5372523,22024996,12384625,55372643,17480641,5905672,31986330,17113621,9695984,5414848,2002789,139.19,https://www.bi.go.id/id/statistik/ekonomi-keuangan/sekda/statistikregional.aspx?idprov=53
2026-07,Kalimantan Barat,61,93119397,15499574,55727628,21892194,112977501,26637042,47059983,39280476,30412265,11722363,10670143,8019760,121.33,https://www.bi.go.id/id/statistik/ekonomi-keuangan/sekda/statistikregional.aspx?idprov=61
2026-07,Kalimantan Tengah,62,54043349,16605817,27962668,9474864,96429921,35404323,35856369,25169230,20030227,10301937,6377904,3350385,178.43,https://www.bi.go.id/id/statistik/ekonomi-keuangan/sekda/statistikregional.aspx?idprov=62
2026-07,Kalimantan Selatan,63,98045515,27444125,46616522,23984869,108447743,29399858,42779249,36268636,22806756,10288160,7218838,5299759,110.61,https://www.bi.go.id/id/statistik/ekonomi-keuangan/sekda/statistikregional.aspx?idprov=63
2026-07,Kalimantan Timur,64,152364685,40358058,75000054,37006573,227683584,86923803,101454054,39305726,32460092,11773204,11457740,9229148,149.43,https://www.bi.go.id/id/statistik/ekonomi-keuangan/sekda/statistikregional.aspx?idprov=64
2026-07,Kalimantan Utara,65,17493534,3188074,10138769,4166691,46450155,12995220,26076773,7378161,5486386,2079007,2517945,889434,265.53,https://www.bi.go.id/id/statistik/ekonomi-keuangan/sekda/statistikregional.aspx?idprov=65
2026-07,Sulawesi Utara,71,34175605,5288055,19732944,9154605,73277279,18270388,18027957,36978934,13570300,5813245,5119551,2637504,214.41,https://www.bi.go.id/id/statistik/ekonomi-keuangan/sekda/statistikregional.aspx?idprov=71
2026-07,Sulawesi Tengah,72,41637206,11039045,24082476,6515684,108909572,36158987,41264168,31486418,17952996,9700286,6187188,2065522,261.57,https://www.bi.go.id/id/statistik/ekonomi-keuangan/sekda/statistikregional.aspx?idprov=72
2026-07,Sulawesi Selatan,73,146555586,23385468,90349765,32820353,195450092,63397556,42472781,89579755,61330991,35328578,17868621,8133793,133.36,https://www.bi.go.id/id/statistik/ekonomi-keuangan/sekda/statistikregional.aspx?idprov=73
2026-07,Sulawesi Tenggara,74,34234487,5446075,23469329,5319082,55335330,17480865,11208990,26645476,16680871,9139916,5652074,1888881,161.64,https://www.bi.go.id/id/statistik/ekonomi-keuangan/sekda/statistikregional.aspx?idprov=74
2026-07,Gorontalo,75,7969465,1522028,5034987,1412450,27369949,9465627,4983808,12920514,5018491,2591570,1873980,552940,343.44,https://www.bi.go.id/id/statistik/ekonomi-keuangan/sekda/statistikregional.aspx?idprov=75
2026-07,Sulawesi Barat,76,8507454,1030529,6981940,494985,19519006,5473486,4255890,9789629,7827682,5194255,2458266,175161,229.43,https://www.bi.go.id/id/statistik/ekonomi-keuangan/sekda/statistikregional.aspx?idprov=76
2026-07,Maluku,81,15944300,2030335,9898204,4015761,22771603,6547697,1671453,14552452,6706037,3729299,2224549,752190,142.82,https://www.bi.go.id/id/statistik/ekonomi-keuangan/sekda/statistikregional.aspx?idprov=81
2026-07,Maluku Utara,82,21574116,10501028,8802398,2270689,34924988,8774164,14061934,12088889,4103826,1981836,1597863,524127,161.88,https://www.bi.go.id/id/statistik/ekonomi-keuangan/sekda/statistikregional.aspx?idprov=82
2026-07,Papua,91,50013873,14059741,27262460,8691672,57144256,14547727,14595370,28001160,13308860,4910856,6063564,2334440,114.26,https://www.bi.go.id/id/statistik/ekonomi-keuangan/sekda/statistikregional.aspx?idprov=91
2026-07,Papua Barat,92,16714980,3443737,10070561,3200682,26553065,5705855,7344969,13502242,5780549,2133372,2634930,1012247,158.86,https://www.bi.go.id/id/statistik/ekonomi-keuangan/sekda/statistikregional.aspx?idprov=92
